bioguide_id,full_name,communication_count,attack_personal,outcome_bipartisanship,policy,attack_personal_pct,outcome_bipartisanship_pct,policy_pct
A000055,Robert Aderholt,256,3.0,10.0,148.0,1.171875,3.90625,57.8125
A000148,Jake Auchincloss,903,76.0,99.0,647.0,8.416389811738648,10.96345514950166,71.6500553709856
A000369,Mark Amodei,288,1.0,20.0,200.0,0.3472222222222222,6.944444444444445,69.44444444444444
A000370,Alma Adams,285,3.0,12.0,171.0,1.0526315789473684,4.2105263157894735,60.0
A000371,Pete Aguilar,123,4.0,3.0,80.0,3.2520325203252036,2.4390243902439024,65.04065040650406
A000372,Rick Allen,657,1.0,34.0,399.0,0.15220700152207,5.175038051750381,60.73059360730594
A000375,Jodey Arrington,963,13.0,40.0,600.0,1.3499480789200415,4.153686396677051,62.30529595015576
A000379,Mark Alford,1493,12.0,76.0,659.0,0.8037508372404554,5.090421969189551,44.13931681178835
A000380,Gabe Amo,937,52.0,56.0,642.0,5.549626467449306,5.9765208110992525,68.51654215581644
A000381,Yassamin Ansari,246,10.0,6.0,133.0,4.0650406504065035,2.4390243902439024,54.0650406504065
A000382,Angela Alsobrooks,356,23.0,23.0,168.0,6.460674157303371,6.460674157303371,47.19101123595505
B000490,Sanford Bishop,430,1.0,22.0,142.0,0.23255813953488372,5.116279069767442,33.02325581395349
B000668,Cliff Bentz,229,2.0,7.0,152.0,0.8733624454148471,3.056768558951965,66.37554585152839
B000740,Stephanie Bice,602,2.0,41.0,370.0,0.33222591362126247,6.810631229235881,61.461794019933556
B000825,Lauren Boebert,455,10.0,27.0,278.0,2.197802197802198,5.934065934065933,61.0989010989011
B001230,Tammy Baldwin,1258,48.0,100.0,903.0,3.815580286168521,7.94912559618442,71.78060413354531
B001236,John Boozman,824,1.0,103.0,566.0,0.12135922330097086,12.5,68.68932038834951
B001243,Marsha Blackburn,2331,99.0,76.0,1405.0,4.247104247104247,3.260403260403261,60.27456027456027
B001257,Gus Bilirakis,1744,6.0,94.0,862.0,0.34403669724770647,5.389908256880735,49.42660550458716
B001260,Vern Buchanan,733,8.0,61.0,577.0,1.0914051841746248,8.321964529331515,78.71759890859482
B001261,John Barrasso,3890,50.0,159.0,2062.0,1.2853470437017995,4.087403598971722,53.007712082262216
B001267,Michael Bennet,1450,78.0,119.0,947.0,5.379310344827586,8.206896551724139,65.3103448275862
B001277,Richard Blumenthal,2598,371.0,190.0,1595.0,14.280215550423403,7.313317936874519,61.39337952270978
B001278,Suzanne Bonamici,438,15.0,22.0,318.0,3.4246575342465753,5.0228310502283104,72.6027397260274
B001281,Joyce Beatty,408,14.0,16.0,232.0,3.431372549019608,3.9215686274509802,56.86274509803921
B001282,Garland Barr,552,7.0,16.0,345.0,1.2681159420289856,2.898550724637681,62.5
B001285,Julia Brownley,181,12.0,10.0,127.0,6.629834254143646,5.524861878453039,70.1657458563536
B001287,Ami Bera,424,9.0,33.0,253.0,2.1226415094339623,7.783018867924528,59.66981132075472
B001288,Cory Booker,1858,67.0,161.0,890.0,3.606027987082885,8.665231431646932,47.90096878363832
B001291,Brian Babin,1048,46.0,40.0,603.0,4.3893129770992365,3.816793893129771,57.538167938931295
B001292,Donald Beyer,1132,142.0,37.0,763.0,12.54416961130742,3.2685512367491167,67.40282685512368
B001295,Mike Bost,868,3.0,39.0,509.0,0.3456221198156682,4.493087557603687,58.6405529953917
B001296,Brendan Boyle,548,42.0,19.0,329.0,7.664233576642336,3.4671532846715327,60.03649635036496
B001298,Don Bacon,4080,426.0,117.0,1393.0,10.441176470588236,2.8676470588235294,34.1421568627451
B001299,Jim Banks,996,20.0,29.0,556.0,2.0080321285140563,2.9116465863453818,55.82329317269076
B001300,Nanette Barragán,694,41.0,19.0,496.0,5.9077809798270895,2.7377521613832854,71.46974063400576
B001301,Jack Bergman,852,8.0,103.0,566.0,0.9389671361502347,12.089201877934272,66.43192488262912
B001302,Andy Biggs,1301,84.0,27.0,724.0,6.456571867794005,2.07532667179093,55.64950038431975
B001303,Lisa Blunt Rochester,607,23.0,48.0,357.0,3.789126853377265,7.907742998352553,58.81383855024712
B001305,Ted Budd,514,1.0,57.0,327.0,0.19455252918287938,11.089494163424124,63.61867704280155
B001306,Troy Balderson,226,0.0,11.0,141.0,0.0,4.867256637168142,62.38938053097345
B001307,James Baird,398,2.0,26.0,261.0,0.5025125628140703,6.532663316582915,65.57788944723619
B001309,Tim Burchett,646,20.0,19.0,171.0,3.0959752321981426,2.941176470588235,26.47058823529412
B001313,Shontel Brown,803,59.0,39.0,514.0,7.347447073474471,4.85678704856787,64.00996264009963
B001314,Aaron Bean,834,5.0,35.0,469.0,0.5995203836930456,4.1966426858513195,56.23501199040767
B001315,Nicole (Nikki) Budzinski,841,8.0,90.0,650.0,0.9512485136741973,10.70154577883472,77.28894173602853
B001316,Eric Burlison,1138,60.0,9.0,607.0,5.272407732864675,0.7908611599297013,53.339191564147626
B001317,Josh Brecheen,553,7.0,6.0,317.0,1.2658227848101267,1.0849909584086799,57.32368896925859
B001318,Becca Balint,838,94.0,18.0,414.0,11.217183770883054,2.1479713603818613,49.40334128878281
B001319,Katie Britt,1915,14.0,252.0,1153.0,0.7310704960835509,13.159268929503916,60.208877284595296
B001321,Tom Barrett,54,0.0,5.0,15.0,0.0,9.25925925925926,27.77777777777778
B001322,Michael Baumgartner,561,1.0,30.0,234.0,0.17825311942959002,5.347593582887701,41.711229946524064
B001323,Nicholas Begich,76,0.0,3.0,64.0,0.0,3.9473684210526314,84.21052631578947
B001324,Wesley Bell,108,1.0,6.0,22.0,0.9259259259259258,5.555555555555555,20.37037037037037
B001325,Sheri Biggs,45,0.0,0.0,20.0,0.0,0.0,44.44444444444444
B001326,Janelle Bynum,153,1.0,4.0,73.0,0.6535947712418301,2.6143790849673203,47.712418300653596
B001327,Robert Bresnahan,289,0.0,18.0,117.0,0.0,6.228373702422145,40.484429065743946
C000059,Ken Calvert,508,7.0,59.0,374.0,1.3779527559055118,11.614173228346457,73.62204724409449
C000127,Maria Cantwell,2763,28.0,250.0,2296.0,1.0133912414042707,9.048136083966703,83.09808179515021
C000537,James Clyburn,610,17.0,24.0,276.0,2.7868852459016393,3.934426229508197,45.24590163934426
C000880,Michael Crapo,1169,4.0,112.0,809.0,0.3421727972626176,9.580838323353294,69.20444824636441
C001035,Susan Collins,447,0.0,75.0,324.0,0.0,16.778523489932887,72.48322147651007
C001039,Katherine Cammack,717,4.0,44.0,311.0,0.5578800557880056,6.136680613668061,43.375174337517436
C001047,Shelley Capito,1063,3.0,97.0,657.0,0.28222013170272814,9.125117591721544,61.80620884289746
C001051,John Carter,232,1.0,9.0,113.0,0.43103448275862066,3.8793103448275863,48.706896551724135
C001053,Tom Cole,196,2.0,16.0,73.0,1.0204081632653061,8.16326530612245,37.244897959183675
C001055,Ed Case,669,1.0,82.0,433.0,0.14947683109118087,12.25710014947683,64.72346786248131
C001056,John Cornyn,3718,102.0,192.0,2334.0,2.743410435718128,5.164066702528241,62.77568585260893
C001059,Jim Costa,808,9.0,61.0,518.0,1.1138613861386137,7.5495049504950495,64.10891089108911
C001061,Emanuel Cleaver,1086,68.0,95.0,827.0,6.261510128913445,8.747697974217312,76.15101289134438
C001063,Henry Cuellar,703,0.0,55.0,397.0,0.0,7.823613086770982,56.47226173541963
C001066,Kathy Castor,1161,43.0,64.0,736.0,3.7037037037037033,5.512489233419466,63.39362618432386
C001067,Yvette Clarke,502,97.0,13.0,240.0,19.322709163346612,2.589641434262948,47.808764940239044
C001068,Steve Cohen,844,104.0,35.0,388.0,12.322274881516588,4.1469194312796205,45.97156398104265
C001069,Joe Courtney,929,13.0,62.0,607.0,1.3993541442411195,6.673842841765339,65.33907427341227
C001072,André Carson,555,17.0,32.0,330.0,3.063063063063063,5.7657657657657655,59.45945945945946
C001075,Bill Cassidy,1514,8.0,110.0,958.0,0.5284015852047557,7.26552179656539,63.27608982826949
C001080,Judy Chu,789,36.0,72.0,530.0,4.562737642585551,9.125475285171103,67.17363751584284
C001087,Eric Crawford,118,1.0,6.0,86.0,0.847457627118644,5.084745762711865,72.88135593220339
C001088,Christopher Coons,972,68.0,83.0,628.0,6.995884773662551,8.539094650205762,64.60905349794238
C001091,Joaquin Castro,380,14.0,19.0,231.0,3.684210526315789,5.0,60.78947368421053
C001095,Tom Cotton,771,38.0,51.0,479.0,4.9286640726329445,6.614785992217899,62.12710765239948
C001096,Kevin Cramer,650,0.0,61.0,413.0,0.0,9.384615384615385,63.53846153846155
C001098,Ted Cruz,1364,18.0,110.0,864.0,1.3196480938416422,8.064516129032258,63.34310850439883
C001101,Katherine Clark,847,70.0,17.0,489.0,8.264462809917356,2.0070838252656436,57.73317591499409
C001103,Earl Carter,1801,22.0,68.0,885.0,1.2215435868961688,3.7756801776790674,49.139367018323156
C001108,James Comer,535,58.0,34.0,268.0,10.841121495327103,6.355140186915888,50.09345794392524
C001110,J. Correa,783,0.0,46.0,398.0,0.0,5.874840357598978,50.8301404853129
C001112,Salud Carbajal,670,30.0,68.0,459.0,4.477611940298507,10.149253731343283,68.50746268656717
C001113,Catherine Cortez Masto,1509,90.0,244.0,1143.0,5.964214711729622,16.169648774022534,75.7455268389662
C001114,John Curtis,610,1.0,78.0,346.0,0.16393442622950818,12.786885245901638,56.72131147540984
C001115,Michael Cloud,658,18.0,20.0,389.0,2.735562310030395,3.0395136778115504,59.118541033434646
C001116,Andrew Clyde,932,70.0,14.0,597.0,7.510729613733906,1.502145922746781,64.05579399141631
C001117,Sean Casten,679,45.0,39.0,437.0,6.62739322533137,5.743740795287187,64.35935198821797
C001118,Ben Cline,1079,17.0,28.0,700.0,1.5755329008341055,2.5949953660797034,64.87488415199259
C001119,Angie Craig,912,19.0,117.0,652.0,2.083333333333333,12.828947368421053,71.49122807017544
C001120,Dan Crenshaw,896,26.0,27.0,430.0,2.9017857142857144,3.013392857142857,47.99107142857143
C001121,Jason Crow,999,65.0,54.0,603.0,6.506506506506507,5.405405405405405,60.36036036036037
C001123,Gilbert Cisneros,128,18.0,7.0,50.0,14.0625,5.46875,39.0625
C001125,Troy Carter,1113,32.0,68.0,615.0,2.8751123090745736,6.109613656783468,55.25606469002695
C001126,Mike Carey,407,0.0,44.0,203.0,0.0,10.81081081081081,49.877149877149876
C001127,Sheila Cherfilus-McCormick,710,2.0,39.0,445.0,0.28169014084507044,5.492957746478874,62.676056338028175
C001129,Mike Collins,1517,39.0,15.0,439.0,2.5708635464733027,0.988793671720501,28.93869479235333
C001130,Jasmine Crockett,904,135.0,15.0,489.0,14.933628318584072,1.6592920353982303,54.0929203539823
C001131,Gregorio Casar,518,129.0,17.0,307.0,24.903474903474905,3.2818532818532815,59.26640926640927
C001132,Eli Crane,1573,62.0,45.0,494.0,3.9415130324221233,2.860775588048315,31.40495867768595
C001133,Juan Ciscomani,1277,0.0,79.0,627.0,0.0,6.186374314800313,49.09945184025059
C001136,Herbert Conaway,31,0.0,3.0,21.0,0.0,9.67741935483871,67.74193548387096
C001137,Jeff Crank,333,0.0,7.0,171.0,0.0,2.1021021021021022,51.35135135135135
D000032,Byron Donalds,766,17.0,102.0,541.0,2.219321148825065,13.315926892950392,70.62663185378591
D000096,Danny Davis,259,5.0,20.0,178.0,1.9305019305019304,7.722007722007722,68.72586872586872
D000197,Diana DeGette,265,18.0,11.0,158.0,6.7924528301886795,4.150943396226415,59.62264150943396
D000216,Rosa DeLauro,952,65.0,41.0,659.0,6.8277310924369745,4.30672268907563,69.22268907563026
D000230,Donald Davis,1278,0.0,59.0,598.0,0.0,4.616588419405321,46.79186228482003
D000399,Lloyd Doggett,905,167.0,30.0,623.0,18.45303867403315,3.314917127071823,68.83977900552486
D000530,Chris Deluzio,627,16.0,47.0,360.0,2.5518341307814993,7.496012759170653,57.41626794258373
D000563,Richard Durbin,6151,419.0,411.0,3291.0,6.811900503983093,6.681840351162413,53.503495366607055
D000594,Mónica De La Cruz,1032,0.0,63.0,606.0,0.0,6.104651162790697,58.720930232558146
D000600,Mario Diaz-Balart,745,20.0,55.0,413.0,2.684563758389262,7.38255033557047,55.43624161073826
D000616,Scott DesJarlais,70,0.0,1.0,36.0,0.0,1.4285714285714286,51.42857142857142
D000617,Suzan DelBene,696,20.0,31.0,479.0,2.8735632183908044,4.454022988505748,68.82183908045977
D000618,Steve Daines,853,4.0,47.0,505.0,0.4689331770222743,5.509964830011723,59.20281359906213
D000622,Tammy Duckworth,749,182.0,42.0,447.0,24.299065420560748,5.607476635514018,59.67957276368492
D000623,Mark DeSaulnier,958,17.0,41.0,605.0,1.7745302713987474,4.2797494780793315,63.15240083507307
D000624,Debbie Dingell,1052,11.0,114.0,597.0,1.0456273764258555,10.836501901140684,56.749049429657795
D000626,Warren Davidson,2095,73.0,41.0,825.0,3.484486873508353,1.9570405727923628,39.37947494033413
D000628,Neal Dunn,721,1.0,22.0,473.0,0.13869625520110956,3.0513176144244105,65.60332871012483
D000629,Sharice Davids,705,1.0,127.0,464.0,0.14184397163120568,18.01418439716312,65.81560283687942
D000631,Madeleine Dean,546,23.0,30.0,317.0,4.212454212454213,5.4945054945054945,58.058608058608066
D000634,Troy Downing,94,1.0,8.0,47.0,1.0638297872340425,8.51063829787234,50.0
D000635,Maxine Dexter,263,5.0,3.0,143.0,1.9011406844106464,1.1406844106463878,54.372623574144484
E000071,Jake Ellzey,315,0.0,15.0,91.0,0.0,4.761904761904762,28.888888888888886
E000235,Mike Ezell,614,0.0,55.0,348.0,0.0,8.957654723127035,56.67752442996743
E000246,Charles (Chuck) Edwards,635,2.0,35.0,410.0,0.31496062992125984,5.511811023622047,64.56692913385827
E000294,Tom Emmer,797,48.0,28.0,439.0,6.022584692597239,3.5131744040150563,55.081555834378925
E000295,Joni Ernst,1814,40.0,47.0,1152.0,2.2050716648291067,2.5909592061742006,63.50606394707828
E000296,Dwight Evans,763,27.0,44.0,412.0,3.5386631716906947,5.766710353866317,53.997378768020965
E000297,Adriano Espaillat,1967,51.0,63.0,1035.0,2.592780884595831,3.202846975088968,52.61820030503305
E000298,Ron Estes,622,2.0,54.0,401.0,0.3215434083601286,8.681672025723474,64.46945337620579
E000299,Veronica Escobar,934,66.0,62.0,554.0,7.066381156316917,6.638115631691649,59.314775160599574
E000300,Gabe Evans,133,0.0,7.0,71.0,0.0,5.263157894736842,53.383458646616546
E000301,Sarah Elfreth,100,1.0,8.0,55.0,1.0,8.0,55.00000000000001
F000110,Cleo Fields,65,0.0,6.0,37.0,0.0,9.230769230769232,56.92307692307692
F000246,Patrick Fallon,1236,52.0,14.0,855.0,4.207119741100324,1.132686084142395,69.1747572815534
F000446,Randy Feenstra,1998,11.0,125.0,1633.0,0.5505505505505506,6.256256256256257,81.73173173173173
F000450,Virginia Foxx,891,18.0,24.0,313.0,2.0202020202020203,2.6936026936026933,35.1290684624018
F000454,Bill Foster,592,35.0,27.0,383.0,5.912162162162162,4.5608108108108105,64.69594594594594
F000459,Charles Fleischmann,471,0.0,35.0,290.0,0.0,7.43099787685775,61.57112526539278
F000462,Lois Frankel,565,12.0,24.0,376.0,2.1238938053097343,4.2477876106194685,66.54867256637168
F000463,Deb Fischer,738,0.0,46.0,470.0,0.0,6.233062330623306,63.68563685636857
F000466,Brian Fitzpatrick,1697,2.0,228.0,761.0,0.11785503830288745,13.435474366529169,44.84384207424868
F000468,Lizzie Fletcher,1201,25.0,68.0,695.0,2.0815986677768525,5.661948376353039,57.8684429641965
F000469,Russ Fulcher,403,1.0,26.0,278.0,0.24813895781637718,6.451612903225806,68.98263027295285
F000470,Michelle Fischbach,835,10.0,31.0,456.0,1.1976047904191618,3.7125748502994016,54.61077844311377
F000471,Scott Fitzgerald,289,5.0,8.0,189.0,1.7301038062283738,2.768166089965398,65.39792387543253
F000472,C. Franklin,586,4.0,37.0,323.0,0.6825938566552902,6.313993174061433,55.11945392491467
F000474,Mike Flood,608,1.0,47.0,353.0,0.1644736842105263,7.730263157894737,58.05921052631579
F000475,Brad Finstad,302,1.0,34.0,178.0,0.33112582781456956,11.258278145695364,58.94039735099338
F000476,Maxwell Frost,504,22.0,15.0,296.0,4.365079365079365,2.976190476190476,58.730158730158735
F000477,Valerie Foushee,524,15.0,46.0,397.0,2.8625954198473282,8.778625954198473,75.76335877862596
F000478,Russell Fry,629,15.0,31.0,322.0,2.384737678855326,4.92845786963434,51.19236883942766
F000479,John Fetterman,233,3.0,29.0,130.0,1.2875536480686696,12.446351931330472,55.793991416309005
F000480,Vince Fong,516,8.0,27.0,293.0,1.550387596899225,5.232558139534884,56.78294573643411
F000481,Shomari Figures,254,1.0,6.0,101.0,0.39370078740157477,2.3622047244094486,39.76377952755906
F000482,Julie Fedorchak,348,0.0,14.0,226.0,0.0,4.022988505747127,64.9425287356322
F000483,Laura Friedman,141,0.0,6.0,86.0,0.0,4.25531914893617,60.99290780141844
F000484,Randall Fine,110,1.0,5.0,28.0,0.9090909090909091,4.545454545454546,25.454545454545453
G000359,Lindsey Graham,815,11.0,41.0,427.0,1.3496932515337423,5.030674846625767,52.392638036809814
G000386,Charles Grassley,2803,46.0,323.0,1780.0,1.641098822689975,11.52336782019265,63.503389225829466
G000546,Sam Graves,318,2.0,19.0,182.0,0.628930817610063,5.9748427672955975,57.23270440251572
G000553,Al Green,1855,110.0,25.0,606.0,5.929919137466308,1.3477088948787064,32.668463611859835
G000555,Kirsten Gillibrand,667,7.0,90.0,459.0,1.0494752623688157,13.493253373313344,68.81559220389805
G000558,Brett Guthrie,666,1.0,45.0,413.0,0.15015015015015015,6.756756756756757,62.01201201201201
G000559,John Garamendi,846,59.0,29.0,506.0,6.973995271867612,3.4278959810874707,59.810874704491724
G000565,Paul Gosar,1023,61.0,26.0,583.0,5.962854349951124,2.541544477028348,56.98924731182796
G000568,H. Griffith,1432,3.0,60.0,774.0,0.20949720670391062,4.189944134078212,54.05027932960894
G000574,Ruben Gallego,712,41.0,41.0,434.0,5.758426966292135,5.758426966292135,60.95505617977528
G000576,Glenn Grothman,1277,16.0,28.0,725.0,1.2529365700861395,2.192638997650744,56.77368833202819
G000581,Vicente Gonzalez,400,3.0,18.0,222.0,0.75,4.5,55.50000000000001
G000583,Josh Gottheimer,1109,31.0,179.0,866.0,2.7953110910730388,16.140667267808837,78.08836789900812
G000585,Jimmy Gomez,1093,113.0,27.0,712.0,10.338517840805125,2.470265324794145,65.14181152790485
G000586,Jesús García,608,28.0,18.0,332.0,4.605263157894736,2.9605263157894735,54.60526315789473
G000587,Sylvia Garcia,866,50.0,15.0,529.0,5.773672055427252,1.7321016166281753,61.08545034642032
G000589,Lance Gooden,773,79.0,12.0,475.0,10.219922380336351,1.5523932729624839,61.448900388098316
G000591,Michael Guest,429,1.0,3.0,211.0,0.2331002331002331,0.6993006993006993,49.184149184149184
G000592,Jared Golden,512,5.0,62.0,321.0,0.9765625,12.109375,62.6953125
G000593,Carlos Gimenez,1299,96.0,58.0,529.0,7.390300230946882,4.464973056197074,40.72363356428021
G000594,Ernest Gonzales,502,0.0,45.0,335.0,0.0,8.964143426294822,66.73306772908366
G000596,Marjorie Greene,1652,134.0,22.0,841.0,8.111380145278451,1.331719128329298,50.90799031476998
G000597,Andrew Garbarino,438,1.0,55.0,292.0,0.228310502283105,12.557077625570775,66.66666666666666
G000598,Robert Garcia,645,75.0,29.0,359.0,11.627906976744185,4.496124031007752,55.65891472868218
G000599,Dan Goldman,1027,92.0,65.0,775.0,8.95813047711782,6.329113924050633,75.46251217137294
G000600,Marie Gluesenkamp Perez,434,3.0,58.0,269.0,0.6912442396313364,13.36405529953917,61.9815668202765
G000601,Craig Goldman,107,0.0,0.0,25.0,0.0,0.0,23.364485981308412
G000602,Laura Gillen,114,0.0,15.0,66.0,0.0,13.157894736842104,57.89473684210527
G000603,Brandon Gill,256,15.0,2.0,144.0,5.859375,0.78125,56.25
G000604,Maggie Goodlander,65,0.0,12.0,33.0,0.0,18.461538461538463,50.76923076923077
G000605,Adam Gray,39,0.0,5.0,31.0,0.0,12.82051282051282,79.48717948717949
H000273,John Hickenlooper,1791,20.0,92.0,833.0,1.1166945840312674,5.13679508654383,46.51032942490229
H000601,Bill Hagerty,615,19.0,34.0,389.0,3.089430894308943,5.528455284552845,63.25203252032521
H000874,Steny Hoyer,723,29.0,56.0,465.0,4.011065006915629,7.745504840940526,64.31535269709543
H001042,Mazie Hirono,828,134.0,37.0,591.0,16.183574879227052,4.4685990338164245,71.37681159420289
H001046,Martin Heinrich,910,94.0,46.0,595.0,10.329670329670328,5.054945054945055,65.38461538461539
H001047,James Himes,395,33.0,14.0,135.0,8.354430379746836,3.5443037974683547,34.177215189873415
H001052,Andy Harris,636,10.0,5.0,398.0,1.5723270440251573,0.7861635220125787,62.57861635220125
H001058,Bill Huizenga,507,4.0,72.0,309.0,0.7889546351084813,14.201183431952662,60.946745562130175
H001061,John Hoeven,540,0.0,35.0,353.0,0.0,6.481481481481481,65.37037037037037
H001066,Steven Horsford,655,18.0,24.0,445.0,2.7480916030534353,3.6641221374045805,67.93893129770993
H001067,Richard Hudson,874,19.0,43.0,531.0,2.1739130434782608,4.919908466819222,60.755148741418765
H001068,Jared Huffman,887,47.0,75.0,593.0,5.2987598647125145,8.455467869222097,66.85456595264938
H001072,J. Hill,961,4.0,87.0,512.0,0.41623309053069724,9.053069719042664,53.277835587929246
H001076,Margaret Hassan,854,62.0,106.0,579.0,7.259953161592506,12.412177985948478,67.79859484777518
H001077,Clay Higgins,271,13.0,2.0,118.0,4.797047970479705,0.7380073800738007,43.542435424354245
H001079,Cindy Hyde-Smith,551,2.0,40.0,359.0,0.3629764065335753,7.259528130671507,65.15426497277676
H001081,Jahana Hayes,1041,6.0,61.0,694.0,0.5763688760806917,5.859750240153699,66.66666666666666
H001082,Kevin Hern,422,19.0,9.0,199.0,4.502369668246446,2.132701421800948,47.1563981042654
H001085,Chrissy Houlahan,786,64.0,60.0,430.0,8.142493638676845,7.633587786259542,54.70737913486005
H001086,Diana Harshbarger,613,12.0,18.0,304.0,1.957585644371941,2.936378466557912,49.59216965742252
H001089,Joshua Hawley,331,10.0,9.0,184.0,3.0211480362537766,2.719033232628399,55.58912386706949
H001090,Josh Harder,271,2.0,16.0,173.0,0.7380073800738007,5.904059040590406,63.837638376383765
H001091,Ashley Hinson,733,8.0,50.0,507.0,1.0914051841746248,6.8212824010914055,69.16780354706685
H001093,Erin Houchin,555,6.0,18.0,338.0,1.0810810810810811,3.2432432432432434,60.9009009009009
H001094,Valerie Hoyle,495,3.0,55.0,342.0,0.6060606060606061,11.11111111111111,69.0909090909091
H001095,Wesley Hunt,950,54.0,5.0,565.0,5.684210526315789,0.5263157894736842,59.473684210526315
H001096,Harriet Hageman,763,5.0,22.0,480.0,0.655307994757536,2.8833551769331587,62.90956749672346
H001098,Abraham Hamadeh,4,0.0,0.0,2.0,0.0,0.0,50.0
H001099,Mike Haridopolos,603,4.0,19.0,339.0,0.6633499170812603,3.150912106135987,56.21890547263681
H001100,Jeff Hurd,40,0.0,5.0,22.0,0.0,12.5,55.00000000000001
H001101,Pat Harrigan,233,2.0,7.0,115.0,0.8583690987124464,3.004291845493562,49.35622317596567
H001102,Mark Harris,111,2.0,5.0,71.0,1.8018018018018018,4.504504504504505,63.96396396396396
H001103,Pablo José Hernández Rivera,244,3.0,18.0,126.0,1.2295081967213115,7.377049180327869,51.63934426229508
H001104,Jon Husted,212,0.0,4.0,101.0,0.0,1.8867924528301887,47.64150943396226
I000056,Darrell Issa,443,41.0,12.0,170.0,9.255079006772009,2.708803611738149,38.37471783295711
I000058,Glenn Ivey,877,20.0,37.0,514.0,2.280501710376283,4.218928164196123,58.60889395667047
J000288,Henry Johnson,637,51.0,19.0,283.0,8.006279434850864,2.9827315541601256,44.42700156985872
J000289,Jim Jordan,799,26.0,6.0,291.0,3.254067584480601,0.7509386733416771,36.42052565707134
J000293,Ron Johnson,363,15.0,21.0,223.0,4.132231404958678,5.785123966942149,61.43250688705234
J000294,Hakeem Jeffries,798,30.0,23.0,450.0,3.7593984962406015,2.882205513784461,56.390977443609025
J000295,David Joyce,417,0.0,80.0,295.0,0.0,19.18465227817746,70.74340527577938
J000298,Pramila Jayapal,1855,173.0,33.0,1404.0,9.326145552560646,1.778975741239892,75.68733153638814
J000299,Mike Johnson,1101,32.0,57.0,491.0,2.9064486830154403,5.177111716621254,44.595821980018165
J000301,Dusty Johnson,411,1.0,24.0,294.0,0.24330900243309003,5.839416058394161,71.53284671532847
J000302,John Joyce,881,1.0,38.0,490.0,0.11350737797956867,4.313280363223609,55.618615209988654
J000304,Ronny Jackson,399,11.0,15.0,263.0,2.756892230576441,3.7593984962406015,65.91478696741855
J000305,Sara Jacobs,736,36.0,21.0,571.0,4.891304347826087,2.8532608695652173,77.58152173913044
J000307,John James,384,5.0,18.0,275.0,1.3020833333333335,4.6875,71.61458333333334
J000309,Jonathan Jackson,1161,29.0,29.0,427.0,2.4978466838931954,2.4978466838931954,36.7786391042205
J000310,Julie Johnson,296,9.0,13.0,187.0,3.040540540540541,4.391891891891892,63.17567567567568
J000311,Brian Jack,85,1.0,6.0,57.0,1.1764705882352942,7.0588235294117645,67.05882352941175
J000312,Jim Justice,99,0.0,0.0,34.0,0.0,0.0,34.34343434343434
K000009,Marcy Kaptur,1638,41.0,97.0,915.0,2.503052503052503,5.921855921855921,55.86080586080586
K000367,Amy Klobuchar,2613,58.0,388.0,1777.0,2.219670876387294,14.84883275928052,68.00612323000382
K000375,William Keating,206,6.0,11.0,119.0,2.912621359223301,5.339805825242718,57.76699029126213
K000376,Mike Kelly,304,1.0,19.0,173.0,0.3289473684210526,6.25,56.9078947368421
K000377,Mark Kelly,1233,115.0,70.0,747.0,9.326845093268451,5.6772100567721,60.58394160583942
K000383,Angus King,855,21.0,91.0,550.0,2.456140350877193,10.64327485380117,64.32748538011695
K000384,Timothy Kaine,1535,97.0,82.0,829.0,6.319218241042346,5.342019543973942,54.00651465798045
K000385,Robin Kelly,601,42.0,28.0,403.0,6.988352745424292,4.658901830282862,67.0549084858569
K000388,Trent Kelly,250,0.0,14.0,116.0,0.0,5.6000000000000005,46.400000000000006
K000389,Ro Khanna,1179,5.0,69.0,708.0,0.4240882103477523,5.852417302798982,60.05089058524173
K000391,Raja Krishnamoorthi,777,37.0,40.0,478.0,4.761904761904762,5.148005148005148,61.518661518661524
K000392,David Kustoff,849,3.0,58.0,471.0,0.35335689045936397,6.831566548881036,55.47703180212014
K000393,John Kennedy,1961,93.0,31.0,1100.0,4.742478327383988,1.580826109127996,56.09382967873534
K000394,Andy Kim,885,65.0,44.0,548.0,7.344632768361582,4.971751412429379,61.92090395480226
K000397,Young Kim,808,0.0,125.0,528.0,0.0,15.47029702970297,65.34653465346535
K000398,Thomas Kean,833,1.0,64.0,421.0,0.12004801920768307,7.6830732292917165,50.540216086434576
K000399,Jennifer Kiggans,1249,4.0,117.0,660.0,0.32025620496397117,9.367493995196156,52.842273819055244
K000400,Sydney Kamlager-Dove,942,79.0,34.0,528.0,8.386411889596603,3.6093418259023355,56.05095541401274
K000401,Kevin Kiley,1392,18.0,58.0,898.0,1.293103448275862,4.166666666666666,64.51149425287356
K000402,Timothy Kennedy,1342,16.0,31.0,496.0,1.1922503725782414,2.309985096870343,36.95976154992549
K000403,Mike Kennedy,151,1.0,6.0,87.0,0.6622516556291391,3.9735099337748347,57.615894039735096
K000404,Kimberlyn King-Hinds,21,0.0,1.0,10.0,0.0,4.761904761904762,47.61904761904761
K000405,Brad Knott,100,3.0,1.0,67.0,3.0,1.0,67.0
L000273,Teresa Leger Fernandez,845,60.0,31.0,437.0,7.100591715976331,3.6686390532544375,51.71597633136095
L000397,Zoe Lofgren,286,6.0,25.0,209.0,2.097902097902098,8.741258741258742,73.07692307692307
L000491,Frank Lucas,183,0.0,17.0,121.0,0.0,9.289617486338798,66.12021857923497
L000557,John Larson,1080,34.0,77.0,721.0,3.148148148148148,7.12962962962963,66.75925925925927
L000560,Rick Larsen,172,2.0,20.0,104.0,1.1627906976744187,11.627906976744185,60.46511627906976
L000562,Stephen Lynch,387,12.0,23.0,251.0,3.10077519379845,5.943152454780361,64.85788113695091
L000566,Robert Latta,554,0.0,53.0,263.0,0.0,9.566787003610107,47.47292418772563
L000570,Ben Luján,1092,53.0,76.0,693.0,4.853479853479854,6.95970695970696,63.46153846153846
L000571,Cynthia Lummis,1157,19.0,88.0,681.0,1.6421780466724287,7.605877268798617,58.859118409680214
L000575,James Lankford,1438,3.0,72.0,792.0,0.2086230876216968,5.006954102920723,55.07649513212796
L000577,Mike Lee,1090,25.0,62.0,579.0,2.293577981651376,5.688073394495413,53.11926605504587
L000578,Doug LaMalfa,2471,31.0,45.0,1598.0,1.2545528126264671,1.8211250505868068,64.67017401861594
L000582,Ted Lieu,701,57.0,32.0,442.0,8.131241084165477,4.56490727532097,63.052781740370904
L000583,Barry Loudermilk,397,5.0,17.0,287.0,1.2594458438287155,4.282115869017632,72.29219143576826
L000585,Darin LaHood,679,5.0,73.0,428.0,0.7363770250368188,10.751104565537556,63.03387334315169
L000590,Susie Lee,689,14.0,110.0,457.0,2.0319303338171264,15.965166908563136,66.32801161103048
L000593,Mike Levin,878,32.0,87.0,638.0,3.644646924829157,9.90888382687927,72.66514806378133
L000595,Julia Letlow,452,2.0,12.0,293.0,0.4424778761061947,2.6548672566371683,64.82300884955751
L000596,Anna Luna,1210,78.0,33.0,532.0,6.446280991735537,2.727272727272727,43.96694214876033
L000597,Laurel Lee,552,3.0,28.0,339.0,0.5434782608695652,5.072463768115942,61.41304347826087
L000598,Nicolas LaLota,710,11.0,94.0,512.0,1.5492957746478873,13.239436619718308,72.11267605633803
L000599,Michael Lawler,1504,21.0,147.0,823.0,1.3962765957446808,9.773936170212766,54.72074468085106
L000600,Nicholas Langworthy,942,24.0,74.0,534.0,2.547770700636943,7.855626326963907,56.68789808917197
L000601,Greg Landsman,1524,31.0,133.0,954.0,2.0341207349081363,8.727034120734908,62.59842519685039
L000602,Summer Lee,326,27.0,2.0,247.0,8.282208588957054,0.6134969325153374,75.76687116564416
L000603,Morgan Luttrell,517,1.0,18.0,360.0,0.19342359767891684,3.481624758220503,69.63249516441006
L000606,George Latimer,340,3.0,11.0,182.0,0.8823529411764706,3.2352941176470593,53.529411764705884
L000607,Sam Liccardo,132,8.0,3.0,55.0,6.0606060606060606,2.272727272727273,41.66666666666667
M000133,Edward Markey,3014,243.0,80.0,1970.0,8.062375580623755,2.6542800265428004,65.36164565361645
M000194,Nancy Mace,4510,419.0,40.0,1117.0,9.290465631929047,0.8869179600886918,24.76718403547672
M000312,James McGovern,2797,192.0,81.0,1262.0,6.864497676081516,2.8959599570968897,45.1197711834108
M000317,Nicole Malliotakis,802,13.0,89.0,575.0,1.6209476309226933,11.097256857855362,71.69576059850374
M000355,Mitch McConnell,499,4.0,27.0,308.0,0.8016032064128256,5.410821643286573,61.72344689378757
M000687,Kweisi Mfume,458,8.0,21.0,212.0,1.7467248908296942,4.585152838427948,46.288209606986904
M000871,Tracey Mann,1245,15.0,29.0,833.0,1.2048192771084338,2.3293172690763053,66.90763052208835
M000934,Jerry Moran,1413,2.0,178.0,924.0,0.14154281670205238,12.59731068648266,65.39278131634819
M001111,Patty Murray,2596,355.0,219.0,1699.0,13.674884437596301,8.436055469953775,65.44684129429892
M001136,Lisa McClain,1650,36.0,56.0,812.0,2.181818181818182,3.3939393939393945,49.21212121212121
M001137,Gregory Meeks,419,27.0,24.0,264.0,6.443914081145586,5.727923627684964,63.0071599045346
M001143,Betty McCollum,1034,49.0,78.0,768.0,4.738878143133462,7.543520309477756,74.27466150870407
M001153,Lisa Murkowski,514,3.0,29.0,301.0,0.5836575875486382,5.642023346303502,58.5603112840467
M001157,Michael McCaul,570,12.0,34.0,411.0,2.1052631578947367,5.964912280701754,72.10526315789474
M001160,Gwen Moore,893,71.0,44.0,551.0,7.950727883538635,4.927211646136618,61.702127659574465
M001163,Doris Matsui,414,22.0,26.0,307.0,5.314009661835748,6.280193236714976,74.15458937198068
M001169,Christopher Murphy,1305,170.0,92.0,633.0,13.026819923371647,7.049808429118774,48.50574712643678
M001176,Jeff Merkley,3238,220.0,275.0,1936.0,6.794317479925881,8.49289684990735,59.78999382334774
M001177,Tom McClintock,438,15.0,17.0,269.0,3.4246575342465753,3.881278538812785,61.41552511415526
M001184,Thomas Massie,1472,74.0,23.0,572.0,5.0271739130434785,1.5625,38.858695652173914
M001188,Grace Meng,557,3.0,30.0,383.0,0.5385996409335727,5.385996409335727,68.76122082585279
M001190,Markwayne Mullin,1938,81.0,70.0,760.0,4.179566563467492,3.611971104231166,39.21568627450981
M001194,John Moolenaar,166,2.0,18.0,98.0,1.2048192771084338,10.843373493975903,59.036144578313255
M001196,Seth Moulton,244,9.0,24.0,132.0,3.6885245901639343,9.836065573770492,54.09836065573771
M001198,Roger Marshall,541,4.0,59.0,412.0,0.7393715341959335,10.905730129390019,76.15526802218115
M001199,Brian Mast,911,9.0,31.0,538.0,0.9879253567508233,3.4028540065861685,59.055982436882545
M001204,Daniel Meuser,907,11.0,36.0,634.0,1.2127894156560088,3.9691289966923926,69.90077177508269
M001205,Carol Miller,544,1.0,67.0,435.0,0.1838235294117647,12.316176470588236,79.96323529411765
M001206,Joseph Morelle,1217,31.0,67.0,770.0,2.5472473294987674,5.5053410024650775,63.270336894001645
M001208,Lucy McBath,501,4.0,15.0,267.0,0.7984031936127743,2.9940119760479043,53.293413173652695
M001210,Gregory Murphy,1165,55.0,50.0,827.0,4.721030042918455,4.291845493562231,70.98712446351931
M001211,Mary Miller,948,84.0,7.0,491.0,8.860759493670885,0.7383966244725738,51.793248945147674
M001212,Barry Moore,427,12.0,7.0,217.0,2.810304449648712,1.639344262295082,50.81967213114754
M001213,Blake Moore,1038,3.0,78.0,568.0,0.2890173410404624,7.514450867052023,54.72061657032755
M001214,Frank Mrvan,264,0.0,18.0,143.0,0.0,6.8181818181818175,54.166666666666664
M001215,Mariannette Miller-Meeks,1210,13.0,61.0,825.0,1.0743801652892562,5.041322314049586,68.18181818181817
M001216,Cory Mills,952,6.0,24.0,631.0,0.6302521008403361,2.5210084033613445,66.28151260504201
M001217,Jared Moskowitz,437,3.0,62.0,260.0,0.6864988558352403,14.187643020594965,59.49656750572082
M001218,Rich McCormick,517,1.0,24.0,263.0,0.19342359767891684,4.642166344294004,50.870406189555126
M001219,James (Jim) Moylan,127,0.0,11.0,46.0,0.0,8.661417322834646,36.22047244094488
M001220,Morgan McGarvey,1192,29.0,43.0,706.0,2.4328859060402683,3.6073825503355708,59.22818791946308
M001222,Max Miller,300,2.0,22.0,191.0,0.6666666666666667,7.333333333333333,63.66666666666667
M001223,Seth Magaziner,1476,53.0,103.0,970.0,3.590785907859079,6.978319783197833,65.71815718157181
M001224,Nathaniel Moran,994,4.0,41.0,546.0,0.4024144869215292,4.124748490945674,54.929577464788736
M001225,Kevin Mullin,398,12.0,20.0,283.0,3.015075376884422,5.025125628140704,71.10552763819096
M001226,Robert Menendez,816,12.0,36.0,488.0,1.4705882352941175,4.411764705882353,59.80392156862745
M001227,Jennifer McClellan,1584,28.0,51.0,791.0,1.7676767676767675,3.2196969696969697,49.936868686868685
M001228,Celeste Maloy,442,2.0,38.0,255.0,0.4524886877828055,8.597285067873303,57.692307692307686
M001229,LaMonica McIver,157,3.0,8.0,84.0,1.910828025477707,5.095541401273886,53.503184713375795
M001230,Ryan Mackenzie,48,1.0,0.0,37.0,2.083333333333333,0.0,77.08333333333334
M001231,John Mannion,21,0.0,0.0,6.0,0.0,0.0,28.57142857142857
M001232,April McClain Delaney,68,0.0,7.0,46.0,0.0,10.294117647058822,67.64705882352942
M001233,Mark Messmer,41,0.0,2.0,15.0,0.0,4.878048780487805,36.58536585365854
M001234,Kelly Morrison,237,1.0,17.0,129.0,0.42194092827004215,7.172995780590717,54.43037974683544
M001235,Riley Moore,35,0.0,1.0,17.0,0.0,2.857142857142857,48.57142857142857
M001236,Tim Moore,207,6.0,9.0,113.0,2.898550724637681,4.3478260869565215,54.589371980676326
M001237,Kristen McDonald Rivet,24,0.0,0.0,16.0,0.0,0.0,66.66666666666666
M001238,Sarah McBride,240,0.0,13.0,158.0,0.0,5.416666666666667,65.83333333333333
M001239,John McGuire,204,0.0,2.0,96.0,0.0,0.9803921568627451,47.05882352941176
M001240,Addison McDowell,278,1.0,11.0,183.0,0.3597122302158274,3.9568345323741005,65.82733812949641
M001241,Dave Min,274,32.0,5.0,163.0,11.678832116788321,1.824817518248175,59.48905109489051
M001242,Bernie Moreno,621,5.0,39.0,239.0,0.8051529790660225,6.280193236714976,38.486312399355874
M001243,Dave McCormick,123,1.0,9.0,42.0,0.8130081300813009,7.317073170731707,34.146341463414636
M001244,Ashley Moody,87,2.0,3.0,37.0,2.2988505747126435,3.4482758620689653,42.5287356321839
N000002,Jerrold Nadler,865,66.0,42.0,579.0,7.630057803468208,4.855491329479769,66.93641618497111
N000015,Richard Neal,277,1.0,7.0,170.0,0.36101083032490977,2.527075812274368,61.371841155234655
N000026,Troy Nehls,1004,23.0,43.0,611.0,2.2908366533864544,4.282868525896414,60.85657370517929
N000147,Eleanor Norton,657,8.0,34.0,501.0,1.21765601217656,5.175038051750381,76.25570776255708
N000188,Donald Norcross,666,15.0,21.0,464.0,2.2522522522522523,3.153153153153153,69.66966966966966
N000189,Dan Newhouse,383,1.0,58.0,247.0,0.26109660574412535,15.143603133159269,64.49086161879896
N000190,Ralph Norman,500,15.0,2.0,269.0,3.0,0.4,53.800000000000004
N000191,Joe Neguse,597,4.0,74.0,252.0,0.6700167504187605,12.39530988274707,42.211055276381906
N000193,Zachary (Zach) Nunn,931,5.0,168.0,683.0,0.5370569280343717,18.045112781954884,73.36197636949517
O000019,Jay Obernolte,492,0.0,49.0,321.0,0.0,9.959349593495935,65.2439024390244
O000086,Clarence Owens,938,10.0,29.0,645.0,1.0660980810234542,3.091684434968017,68.7633262260128
O000172,Alexandria Ocasio-Cortez,206,3.0,13.0,140.0,1.4563106796116505,6.310679611650485,67.96116504854369
O000173,Ilhan Omar,906,29.0,26.0,567.0,3.2008830022075054,2.869757174392936,62.58278145695364
O000174,Jon Ossoff,412,9.0,88.0,312.0,2.1844660194174756,21.35922330097087,75.72815533980582
O000175,Andrew Ogles,1012,132.0,8.0,455.0,13.043478260869565,0.7905138339920948,44.9604743083004
O000176,Johnny Olszewski,216,1.0,36.0,143.0,0.4629629629629629,16.666666666666664,66.20370370370371
O000177,Robert Onder,281,4.0,8.0,143.0,1.4234875444839856,2.8469750889679712,50.88967971530249
P000034,Frank Pallone,2487,243.0,136.0,1691.0,9.7708082026538,5.46843586650583,67.9935665460394
P000048,August Pfluger,887,9.0,60.0,514.0,1.0146561443066515,6.764374295377677,57.94813979706878
P000145,Alejandro Padilla,2114,136.0,221.0,1525.0,6.433301797540208,10.454115421002838,72.13812677388837
P000197,Nancy Pelosi,607,16.0,16.0,410.0,2.6359143327841847,2.6359143327841847,67.54530477759472
P000595,Gary Peters,776,53.0,108.0,571.0,6.829896907216495,13.917525773195877,73.58247422680412
P000597,Chellie Pingree,240,7.0,16.0,160.0,2.9166666666666665,6.666666666666667,66.66666666666666
P000603,Rand Paul,1525,33.0,74.0,1033.0,2.1639344262295084,4.852459016393443,67.73770491803278
P000605,Scott Perry,938,20.0,19.0,594.0,2.1321961620469083,2.025586353944563,63.32622601279317
P000607,Mark Pocan,705,82.0,15.0,403.0,11.631205673758865,2.127659574468085,57.16312056737589
P000608,Scott Peters,542,25.0,53.0,375.0,4.612546125461255,9.778597785977858,69.18819188191881
P000609,Gary Palmer,339,3.0,6.0,163.0,0.8849557522123894,1.7699115044247788,48.08259587020649
P000610,Stacey Plaskett,378,7.0,29.0,184.0,1.8518518518518516,7.671957671957672,48.67724867724868
P000613,Jimmy Panetta,1692,12.0,220.0,1370.0,0.7092198581560284,13.002364066193852,80.96926713947991
P000614,Chris Pappas,849,1.0,86.0,568.0,0.11778563015312131,10.129564193168433,66.9022379269729
P000617,Ayanna Pressley,688,59.0,9.0,454.0,8.575581395348838,1.308139534883721,65.98837209302324
P000620,Brittany Pettersen,992,23.0,55.0,404.0,2.318548387096774,5.544354838709677,40.725806451612904
P000621,Nellie Pou,32,0.0,1.0,17.0,0.0,3.125,53.125
P000622,Jimmy Patronis,54,0.0,0.0,7.0,0.0,0.0,12.962962962962962
Q000023,Mike Quigley,891,57.0,38.0,518.0,6.397306397306397,4.264870931537598,58.13692480359147
R000122,John Reed,1880,115.0,185.0,1367.0,6.117021276595745,9.840425531914894,72.7127659574468
R000305,Deborah Ross,752,37.0,51.0,532.0,4.920212765957447,6.781914893617021,70.74468085106383
R000395,Harold Rogers,141,0.0,7.0,100.0,0.0,4.964539007092199,70.92198581560284
R000575,Mike Rogers,210,2.0,5.0,68.0,0.9523809523809524,2.380952380952381,32.38095238095238
R000579,Patrick Ryan,1019,21.0,51.0,491.0,2.060843964671246,5.004906771344456,48.18449460255152
R000584,James Risch,1091,2.0,39.0,680.0,0.18331805682859761,3.5747021081576533,62.328139321723185
R000599,Raul Ruiz,400,13.0,11.0,235.0,3.25,2.75,58.75
R000600,Aumua Amata Radewagen,183,0.0,23.0,129.0,0.0,12.568306010928962,70.49180327868852
R000603,David Rouzer,435,1.0,28.0,264.0,0.22988505747126436,6.436781609195402,60.689655172413794
R000605,Mike Rounds,618,0.0,23.0,384.0,0.0,3.7216828478964405,62.13592233009708
R000606,Jamie Raskin,1714,148.0,107.0,972.0,8.634772462077013,6.242707117852976,56.70945157526255
R000608,Jacky Rosen,1474,71.0,191.0,1095.0,4.8168249660786975,12.957937584803256,74.2876526458616
R000609,John Rutherford,320,4.0,28.0,191.0,1.25,8.75,59.68750000000001
R000610,Guy Reschenthaler,332,5.0,6.0,161.0,1.5060240963855422,1.8072289156626504,48.493975903614455
R000612,John Rose,697,6.0,12.0,489.0,0.860832137733142,1.721664275466284,70.15781922525107
R000614,Chip Roy,2502,37.0,93.0,1427.0,1.4788169464428458,3.7170263788968825,57.0343725019984
R000617,Delia Ramirez,1520,117.0,28.0,902.0,7.697368421052632,1.8421052631578945,59.3421052631579
R000618,Pete Ricketts,1390,7.0,81.0,929.0,0.5035971223021583,5.827338129496403,66.83453237410072
R000619,Michael Rulli,224,18.0,0.0,54.0,8.035714285714286,0.0,24.107142857142858
R000620,Luz Rivas,84,2.0,7.0,48.0,2.380952380952381,8.333333333333332,57.14285714285714
R000621,Emily Randall,40,0.0,1.0,30.0,0.0,2.5,75.0
R000622,Josh Riley,34,0.0,1.0,7.0,0.0,2.941176470588235,20.588235294117645
S000033,Bernard Sanders,2934,132.0,103.0,1776.0,4.4989775051124745,3.5105657805044306,60.53169734151329
S000148,Charles Schumer,5875,703.0,282.0,3289.0,11.96595744680851,4.8,55.98297872340425
S000168,Maria Salazar,801,29.0,37.0,496.0,3.620474406991261,4.619225967540574,61.92259675405742
S000185,Robert Scott,638,12.0,22.0,344.0,1.8808777429467085,3.4482758620689653,53.91849529780565
S000250,Pete Sessions,433,1.0,27.0,240.0,0.23094688221709006,6.235565819861432,55.42725173210161
S000344,Brad Sherman,1076,51.0,64.0,647.0,4.739776951672862,5.947955390334572,60.13011152416357
S000510,Adam Smith,1031,55.0,25.0,641.0,5.33462657613967,2.424830261881668,62.17264791464597
S000522,Christopher Smith,399,6.0,14.0,190.0,1.5037593984962405,3.508771929824561,47.61904761904761
S000929,Victoria Spartz,281,19.0,7.0,136.0,6.761565836298933,2.491103202846975,48.39857651245551
S001145,Janice Schakowsky,500,26.0,24.0,347.0,5.2,4.8,69.39999999999999
S001148,Michael Simpson,778,2.0,36.0,441.0,0.2570694087403599,4.627249357326478,56.68380462724936
S001150,Adam Schiff,2408,368.0,73.0,1156.0,15.282392026578073,3.03156146179402,48.006644518272424
S001156,Linda Sánchez,321,23.0,16.0,205.0,7.165109034267912,4.984423676012461,63.862928348909655
S001157,David Scott,99,0.0,6.0,62.0,0.0,6.0606060606060606,62.62626262626263
S001159,Marilyn Strickland,491,61.0,35.0,284.0,12.423625254582484,7.128309572301425,57.841140529531565
S001172,Adrian Smith,507,4.0,54.0,345.0,0.7889546351084813,10.650887573964498,68.04733727810651
S001176,Steve Scalise,859,10.0,26.0,382.0,1.1641443538998837,3.026775320139697,44.470314318975554
S001181,Jeanne Shaheen,1573,51.0,163.0,1310.0,3.242212333121424,10.362364907819453,83.28035600762873
S001183,David Schweikert,3397,62.0,80.0,1750.0,1.8251398292611127,2.355019134530468,51.516043567853984
S001184,Tim Scott,858,6.0,65.0,483.0,0.6993006993006993,7.575757575757576,56.29370629370629
S001185,Terri Sewell,671,18.0,29.0,361.0,2.682563338301043,4.321907600596125,53.80029806259314
S001188,Marlin Stutzman,141,2.0,8.0,77.0,1.4184397163120568,5.673758865248227,54.60992907801418
S001189,Austin Scott,370,3.0,33.0,212.0,0.8108108108108109,8.91891891891892,57.2972972972973
S001190,Bradley Schneider,715,35.0,34.0,395.0,4.895104895104895,4.755244755244755,55.24475524475524
S001193,Eric Swalwell,735,111.0,10.0,205.0,15.10204081632653,1.3605442176870748,27.89115646258503
S001194,Brian Schatz,1675,87.0,95.0,884.0,5.1940298507462686,5.6716417910447765,52.776119402985074
S001195,Jason Smith,1456,16.0,48.0,1102.0,1.098901098901099,3.296703296703297,75.68681318681318
S001196,Elise Stefanik,567,53.0,14.0,308.0,9.347442680776014,2.4691358024691357,54.32098765432099
S001198,Dan Sullivan,1079,34.0,64.0,460.0,3.151065801668211,5.9314179796107505,42.63206672845227
S001199,Lloyd Smucker,668,1.0,49.0,284.0,0.14970059880239522,7.335329341317365,42.51497005988024
S001200,Darren Soto,1658,56.0,74.0,1064.0,3.3775633293124248,4.463208685162847,64.17370325693607
S001201,Thomas Suozzi,722,8.0,151.0,385.0,1.10803324099723,20.914127423822716,53.32409972299169
S001203,Tina Smith,906,97.0,51.0,485.0,10.706401766004415,5.629139072847682,53.53200883002207
S001205,Mary Scanlon,706,36.0,30.0,448.0,5.099150141643059,4.2492917847025495,63.45609065155807
S001207,Mikie Sherrill,470,32.0,31.0,312.0,6.808510638297872,6.595744680851063,66.38297872340425
S001208,Elissa Slotkin,1053,25.0,87.0,641.0,2.3741690408357075,8.262108262108262,60.87369420702754
S001211,Greg Stanton,1090,25.0,117.0,710.0,2.293577981651376,10.733944954128441,65.13761467889908
S001212,Pete Stauber,769,16.0,43.0,433.0,2.080624187256177,5.591677503250976,56.30689206762028
S001213,Bryan Steil,628,2.0,29.0,336.0,0.3184713375796179,4.617834394904459,53.503184713375795
S001214,W. Steube,943,43.0,41.0,602.0,4.559915164369035,4.3478260869565215,63.83881230116649
S001215,Haley Stevens,957,7.0,88.0,526.0,0.7314524555903866,9.195402298850574,54.96342737722048
S001216,Kim Schrier,700,23.0,45.0,465.0,3.2857142857142856,6.428571428571428,66.42857142857143
S001217,Rick Scott,2279,82.0,131.0,1476.0,3.5980693286529175,5.748135146994296,64.76524791575252
S001218,Melanie Stansbury,1216,76.0,47.0,626.0,6.25,3.8651315789473686,51.48026315789473
S001220,Dale Strong,290,1.0,21.0,217.0,0.3448275862068966,7.241379310344828,74.82758620689656
S001221,Hillary Scholten,1343,11.0,85.0,775.0,0.8190618019359642,6.329113924050633,57.7066269545793
S001223,Emilia Sykes,1467,7.0,71.0,901.0,0.47716428084526247,4.839809134287662,61.41785957736878
S001224,Keith Self,1150,52.0,15.0,588.0,4.521739130434783,1.3043478260869565,51.13043478260869
S001225,Eric Sorensen,399,5.0,30.0,238.0,1.2531328320802004,7.518796992481203,59.64912280701754
S001226,Andrea Salinas,794,33.0,87.0,547.0,4.156171284634761,10.957178841309824,68.89168765743074
S001227,Eric Schmitt,1253,62.0,32.0,625.0,4.948124501197127,2.5538707102952913,49.880287310454904
S001228,Derek Schmidt,274,5.0,23.0,171.0,1.824817518248175,8.394160583941606,62.40875912408759
S001229,Jefferson Shreve,134,0.0,1.0,82.0,0.0,0.7462686567164178,61.19402985074627
S001230,Suhas Subramanyam,687,12.0,17.0,303.0,1.7467248908296942,2.4745269286754,44.10480349344978
S001231,Lateefah Simon,156,0.0,11.0,92.0,0.0,7.051282051282051,58.97435897435898
S001232,Tim Sheehy,50,0.0,2.0,23.0,0.0,4.0,46.0
T000165,Thomas Tiffany,1175,55.0,34.0,781.0,4.680851063829787,2.893617021276596,66.46808510638297
T000193,Bennie Thompson,708,23.0,18.0,277.0,3.248587570621469,2.5423728813559325,39.12429378531073
T000250,John Thune,4019,8.0,291.0,1891.0,0.19905449116695695,7.24060711619806,47.05150534958945
T000278,Tommy Tuberville,2213,64.0,76.0,1201.0,2.89200180750113,3.4342521464075917,54.27022141888839
T000460,Mike Thompson,1133,8.0,39.0,620.0,0.706090026478376,3.442188879082083,54.721977052074145
T000463,Michael Turner,177,2.0,14.0,89.0,1.1299435028248588,7.909604519774012,50.282485875706215
T000467,Glenn Thompson,861,1.0,62.0,479.0,0.11614401858304298,7.200929152148665,55.63298490127758
T000468,Dina Titus,965,31.0,71.0,743.0,3.2124352331606216,7.357512953367876,76.99481865284974
T000469,Paul Tonko,1212,69.0,46.0,826.0,5.693069306930694,3.7953795379537953,68.15181518151815
T000472,Mark Takano,768,27.0,46.0,492.0,3.515625,5.989583333333334,64.0625
T000474,Norma Torres,544,18.0,16.0,380.0,3.308823529411765,2.941176470588235,69.85294117647058
T000476,Thom Tillis,776,21.0,38.0,373.0,2.7061855670103094,4.896907216494846,48.06701030927835
T000478,Claudia Tenney,1530,46.0,56.0,1106.0,3.0065359477124183,3.6601307189542487,72.2875816993464
T000480,William Timmons,439,8.0,18.0,247.0,1.8223234624145785,4.100227790432802,56.264236902050115
T000481,Rashida Tlaib,1511,37.0,25.0,987.0,2.4487094639311717,1.6545334215751157,65.32097948378556
T000482,Lori Trahan,810,43.0,43.0,498.0,5.3086419753086425,5.3086419753086425,61.48148148148148
T000486,Ritchie Torres,389,20.0,14.0,181.0,5.141388174807198,3.5989717223650386,46.52956298200514
T000487,Jill Tokuda,387,7.0,14.0,228.0,1.8087855297157622,3.6175710594315245,58.91472868217055
T000488,Shri Thanedar,557,74.0,20.0,334.0,13.285457809694792,3.5906642728904847,59.964093357271096
T000490,David Taylor,138,0.0,3.0,38.0,0.0,2.1739130434782608,27.536231884057973
T000491,Derek Tran,99,2.0,9.0,43.0,2.0202020202020203,9.090909090909092,43.43434343434344
U000040,Lauren Underwood,186,7.0,8.0,113.0,3.763440860215054,4.301075268817205,60.752688172043015
V000081,Nydia Velázquez,631,26.0,37.0,425.0,4.120443740095087,5.863708399366086,67.35340729001584
V000128,Chris Van Hollen,2429,326.0,133.0,1527.0,13.421160971593249,5.475504322766571,62.865376698229724
V000129,David Valadao,898,0.0,132.0,473.0,0.0,14.699331848552339,52.672605790645875
V000130,Juan Vargas,526,18.0,35.0,360.0,3.4220532319391634,6.653992395437262,68.44106463878326
V000131,Marc Veasey,416,38.0,8.0,175.0,9.134615384615383,1.9230769230769231,42.06730769230769
V000133,Jefferson Van Drew,562,13.0,23.0,281.0,2.3131672597864767,4.092526690391459,50.0
V000134,Beth Van Duyne,1410,26.0,51.0,797.0,1.8439716312056738,3.6170212765957444,56.52482269503546
V000135,Derrick Van Orden,183,4.0,9.0,121.0,2.185792349726776,4.918032786885246,66.12021857923497
V000136,Gabriel (Gabe) Vasquez,755,5.0,49.0,446.0,0.6622516556291391,6.490066225165562,59.0728476821192
V000138,Eugene Vindman,269,7.0,11.0,142.0,2.6022304832713754,4.089219330855019,52.78810408921933
W000187,Maxine Waters,562,27.0,18.0,369.0,4.804270462633451,3.202846975088968,65.65836298932385
W000437,Roger Wicker,1067,13.0,66.0,615.0,1.218369259606373,6.185567010309279,57.63823805060918
W000779,Ron Wyden,1609,141.0,126.0,1066.0,8.763206960845245,7.8309509011808585,66.25233064014915
W000788,Nikema Williams,737,32.0,22.0,467.0,4.341926729986431,2.9850746268656714,63.36499321573948
W000790,Raphael Warnock,1178,44.0,62.0,674.0,3.7351443123938877,5.263157894736842,57.215619694397276
W000795,Joe Wilson,1446,88.0,34.0,869.0,6.085753803596127,2.351313969571231,60.096818810511756
W000797,Debbie Wasserman Schultz,1013,83.0,61.0,674.0,8.193484698914116,6.021717670286279,66.53504442250741
W000798,Tim Walberg,635,2.0,36.0,430.0,0.31496062992125984,5.669291338582677,67.71653543307087
W000800,Peter Welch,2847,201.0,198.0,1772.0,7.060063224446786,6.954689146469968,62.24095539164032
W000802,Sheldon Whitehouse,4756,538.0,167.0,2503.0,11.312026913372582,3.511354079058032,52.6282590412111
W000804,Robert Wittman,1332,1.0,181.0,857.0,0.07507507507507508,13.588588588588587,64.33933933933935
W000805,Mark Warner,1229,136.0,63.0,732.0,11.065907241659886,5.126118795768917,59.560618388934095
W000806,Daniel Webster,602,0.0,17.0,397.0,0.0,2.823920265780731,65.9468438538206
W000808,Frederica Wilson,437,12.0,19.0,221.0,2.745995423340961,4.3478260869565215,50.57208237986271
W000809,Steve Womack,752,0.0,37.0,435.0,0.0,4.920212765957447,57.84574468085106
W000812,Ann Wagner,564,7.0,58.0,373.0,1.2411347517730498,10.28368794326241,66.13475177304964
W000814,Randy Weber,1230,38.0,26.0,742.0,3.089430894308943,2.113821138211382,60.32520325203252
W000816,Roger Williams,691,4.0,49.0,344.0,0.5788712011577424,7.091172214182344,49.782923299565844
W000817,Elizabeth Warren,2487,336.0,122.0,1727.0,13.510253317249699,4.905508644953759,69.4410936871733
W000821,Bruce Westerman,1386,1.0,98.0,829.0,0.07215007215007214,7.07070707070707,59.81240981240982
W000822,Bonnie Watson Coleman,849,92.0,31.0,486.0,10.836277974087162,3.651354534746761,57.243816254416956
W000829,Tony Wied,291,0.0,24.0,164.0,0.0,8.24742268041237,56.3573883161512
W000830,George Whitesides,85,1.0,3.0,37.0,1.1764705882352942,3.5294117647058822,43.529411764705884
Y000064,Todd Young,865,3.0,90.0,540.0,0.3468208092485549,10.404624277456648,62.42774566473989
Y000067,Rudy Yakym,936,22.0,32.0,418.0,2.3504273504273505,3.418803418803419,44.65811965811966
Z000018,Ryan Zinke,346,1.0,21.0,215.0,0.2890173410404624,6.069364161849711,62.138728323699425
